precision,recall,f1_score,roc_auc,pr_auc,accuracy,specificity,true_positives,true_negatives,false_positives,false_negatives,model
1.0,0.9345794392523364,0.966183574879227,0.9933485208979328,0.9495464391607831,0.999965,1.0,100,199893,0,7,Random Forest
1.0,0.9345794392523364,0.966183574879227,0.9926521904172003,0.9379273615911761,0.999965,1.0,100,199893,0,7,XGBoost
0.012130866315402524,0.9252336448598131,0.023947750362844702,0.9741655711039049,0.40964613862172233,0.95965,0.9596684226060943,99,191831,8062,8,Logistic Regression
