{
  "optimal_cost": {
    "threshold": 0.20000000000000004,
    "precision": 0.6891891891891891,
    "recall": 0.9532710280373832,
    "f1_score": 0.8,
    "total_cost": 27300.0,
    "reason": "Lowest total cost ($27,300.00)"
  },
  "optimal_f1": {
    "threshold": 0.5000000000000001,
    "precision": 1.0,
    "recall": 0.9345794392523364,
    "f1_score": 0.966183574879227,
    "reason": "Best balance between Precision and Recall"
  },
  "optimal_recall": {
    "threshold": 0.1,
    "precision": 0.2531017369727047,
    "recall": 0.9532710280373832,
    "reason": "Detects maximum number of fraud cases"
  },
  "optimal_precision": {
    "threshold": 0.5000000000000001,
    "precision": 1.0,
    "recall": 0.9345794392523364,
    "reason": "Minimum number of False Positives"
  }
}