model,roc_auc,pr_auc,precision,recall,f1_score
Logistic Regression,0.9741655711039049,0.40964613862172233,0.012130866315402524,0.9252336448598131,0.023947750362844702
Random Forest,0.9933485208979328,0.9495464391607831,1.0,0.9345794392523364,0.966183574879227
XGBoost,0.9926521904172003,0.9379273615911761,1.0,0.9345794392523364,0.966183574879227
